Brake Pad Set, 543
Spark Plug, 8762
Air Filter, 2345
Radiator, 7890
Timing Belt, 4532
Fuel Pump, 1654
Oxygen Sensor, 789
Water Pump, 4321
Alternator, 2567
Ignition Coil, 9876
Transmission Fluid, 320
Control Arm, 6543
Power Steering Pump, 987
Headlight Bulb, 154
Brake Caliper, 8765
Serpentine Belt, 2345
Starter Motor, 9876
Shock Absorber, 6543
Battery, 5432
Thermostat, 1234
Wheel Bearing, 876
Wiper Blades Set, 765
Engine Oil, 3210
Cabin Air Filter, 876
Tie Rod End, 6543
Fuel Filter, 543
Brake Rotor, 9876
Camshaft Position Sensor, 432
Suspension Strut, 8765
PCV Valve, 345
Mass Air Flow Sensor, 987
Drive Belt, 654
Ball Joint, 8765
Engine Mount, 2345
Fuel Injector, 6543
Throttle Body, 876
Intake Manifold Gasket, 321
Brake Master Cylinder, 8765
Transmission Mount, 654
Oil Filter, 987
Control Arm Bushing, 6543
Radiator Hose, 432
EGR Valve, 8765
Brake Hose, 321
Ignition Control Module, 8765
CV Joint, 654
Fuel Pressure Regulator, 234
Wheel Cylinder, 9876
Transmission Filter, 543
Camshaft, 3210
Ignition Switch, 8765
Steering Gearbox, 876
Drive Shaft, 5432
Clutch Kit, 8765
Engine Control Module (ECM), 432
Brake Booster, 987
Fuel Tank, 6543
Transmission Control Module (TCM), 876
Ignition Lock Cylinder, 234
Exhaust Pipe, 8765
Wheel Hub Assembly, 987
Catalytic Converter, 5432
Fuel Pressure Sensor, 8765
Engine Gasket Set, 432
Oxygen Sensor Relay, 987
Ignition Distributor, 8765
Power Steering Hose, 234
Brake Fluid, 876
Transmission Pan, 876
Engine Air Intake Hose, 9876
Windshield Washer Pump, 543
Fuel Tank Cap, 8765
Exhaust Manifold, 2345
Transmission Dipstick, 876
Camshaft Seal, 321
Engine Mount Kit, 8765
Brake Bleeder Kit, 987
Steering Rack Boot, 876
Clutch Slave Cylinder, 4321
Throttle Position Sensor, 8765
Engine Oil Cooler, 234
Brake Line Kit, 8765
Transmission Shift Solenoid, 987
Power Steering Reservoir, 654
Ignition Starter Switch, 8765
Wheel Lug Nut, 432
Fuel Tank Sending Unit, 8765
Transmission Cooler, 987
Engine Splash Shield, 321
Brake Disc Set, 8765
Ignition Control Module Connector, 234
CV Joint Boot Kit, 8765
Oxygen Sensor Connector, 876
Brake Pad Wear Sensor, 543
Engine Variable Timing Solenoid, 8765
Power Steering Pump Pulley, 987
Transmission Mount Bushing, 876
Headlight Assembly, 8765
Brake Caliper Bolt, 234
Engine Control Module Relay, 8765