Issues with spark plugs, ignition coils, or sensors; 2023-01-05; 2023-01-10; 126
Rust, cracks, or leaks; 2023-02-15; 2023-02-20; 87
Coolant leakage or radiator blockage; 2023-03-20; 2023-03-25; 54
Starting problems related to the starter; 2023-04-10; 2023-04-15; 178
Refrigerant leakage, compressor issues; 2023-05-12; 2023-05-17; 92
Inadequate battery charging due to alternator malfunction; 2023-06-08; 2023-06-13; 32
Problems with electronic diagnostics; 2023-07-15; 2023-07-20; 105
Low coolant levels, problems with the cooling pump; 2023-08-22; 2023-08-27; 41
Issues with automatic or manual transmission; 2023-09-18; 2023-09-23; 163
Clogged filters, fuel pump malfunctions, issues with injectors; 2023-10-10; 2023-10-15; 75
Faulty sensors, such as oxygen sensors or oil pressure sensors; 2023-11-05; 2023-11-10; 112
Lack of power or insufficient voltage; 2023-12-12; 2023-12-17; 14
Problems with electronics and software; 2024-01-15; 2024-01-20; 189
Weakness or wear; 2024-02-18; 2024-02-23; 61
Wear or breakage in the steering system; 2024-03-15; 2024-03-20; 96
Problems with absence or contamination; 2024-04-10; 2024-04-15; 129
Issues with spark plugs, ignition coils, or sensors; 2024-05-15; 2024-05-20; 44
Rust, cracks, or leaks; 2024-06-18; 2024-06-23; 83
Lack of power or insufficient voltage; 2024-07-20; 2024-07-25; 147
Problems with absence or contamination; 2024-08-15; 2024-08-20; 72
Faulty sensors, such as oxygen sensors or oil pressure sensors; 2024-09-10; 2024-09-15; 114
Refrigerant leakage, compressor issues; 2024-10-05; 2024-10-10; 67
Coolant leakage or radiator blockage; 2024-11-18; 2024-11-23; 98
Issues with spark plugs, ignition coils, or sensors; 2024-12-20; 2024-12-25; 155
Starting problems related to the starter; 2025-01-15; 2025-01-20; 42
Problems with electronics and software; 2025-02-18; 2025-02-23; 79
Low coolant levels, problems with the cooling pump; 2025-03-15; 2025-03-20; 121
Clogged filters, fuel pump malfunctions, issues with injectors; 2025-04-10; 2025-04-15; 56
Rust, cracks, or leaks; 2025-05-12; 2025-05-17; 83
Wear or breakage in the steering system; 2025-06-08; 2025-06-13; 104
Lack of power or insufficient voltage; 2025-07-22; 2025-07-27; 134
Issues with automatic or manual transmission; 2025-08-20; 2025-08-25; 72
Problems with absence or contamination; 2025-09-15; 2025-09-20; 167
Weakness or wear; 2025-10-10; 2025-10-15; 89
Refrigerant leakage, compressor issues; 2025-11-05; 2025-11-10; 46
Coolant leakage or radiator blockage; 2025-12-18; 2025-12-23; 78
Faulty sensors, such as oxygen sensors or oil pressure sensors; 2026-01-20; 2026-01-25; 112
Lack of power or insufficient voltage; 2026-02-15; 2026-02-20; 156
Problems with electronics and software; 2026-03-10; 2026-03-15; 83
Issues with spark plugs, ignition coils, or sensors; 2026-04-05; 2026-04-10; 128
Starting problems related to the starter; 2026-05-08; 2026-05-13; 74
Clogged filters, fuel pump malfunctions, issues with injectors; 2026-06-22; 2026-06-27; 105
Refrigerant leakage, compressor issues; 2026-07-15; 2026-07-20; 62
Low coolant levels, problems with the cooling pump; 2026-08-10; 2026-08-15; 96
Wear or breakage in the steering system; 2026-09-05; 2026-09-10; 137
Rust, cracks, or leaks; 2026-10-18; 2026-10-23; 49
Issues with automatic or manual transmission; 2026-11-20; 2026-11-25; 81
Problems with absence or contamination; 2026-12-15; 2026-12-20; 113
Weakness or wear; 2027-01-10; 2027-01-15; 68
Coolant leakage or radiator blockage; 2027-02-12; 2027-02-17; 124
Refrigerant leakage, compressor issues; 2027-03-08; 2027-03-13; 92
Issues with spark plugs, ignition coils, or sensors; 2027-04-20; 2027-04-25; 57
Starting problems related to the starter; 2027-05-15; 2027-05-20; 103
Lack of power or insufficient voltage; 2027-06-10; 2027-06-15; 135
Faulty sensors, such as oxygen sensors or oil pressure sensors; 2027-07-22; 2027-07-27; 78
Clogged filters, fuel pump malfunctions, issues with injectors; 2027-08-18; 2027-08-23; 116
Low coolant levels, problems with the cooling pump; 2027-09-12; 2027-09-17; 89
Problems with electronics and software; 2027-10-05; 2027-10-10; 52
Wear or breakage in the steering system; 2027-11-08; 2027-11-13; 75
Rust, cracks, or leaks; 2027-12-22; 2027-12-27; 107
Issues with automatic or manual transmission; 2028-01-15; 2028-01-20; 143
Refrigerant leakage, compressor issues; 2028-02-10; 2028-02-15; 65
Coolant leakage or radiator blockage; 2028-03-05; 2028-03-10; 98
Faulty sensors, such as oxygen sensors or oil pressure sensors; 2028-04-18; 2028-04-23; 54
Issues with spark plugs, ignition coils, or sensors; 2028-05-20; 2028-05-25; 121
Starting problems related to the starter; 2028-06-15; 2028-06-20; 76
Lack of power or insufficient voltage; 2028-07-10; 2028-07-15; 109
Problems with electronics and software; 2028-08-22; 2028-08-27; 86
Clogged filters, fuel pump malfunctions, issues with injectors; 2028-09-18; 2028-09-23; 38
Low coolant levels, problems with the cooling pump; 2028-10-10; 2028-10-15; 157
Wear or breakage in the steering system; 2028-11-05; 2028-11-10; 93
Refrigerant leakage, compressor issues; 2028-12-20; 2028-12-25; 47
Issues with automatic or manual transmission; 2029-01-15; 2029-01-20; 124
Problems with absence or contamination; 2029-02-12; 2029-02-17; 79
Weakness or wear; 2029-03-08; 2029-03-13; 111
Rust, cracks, or leaks; 2029-04-20; 2029-04-25; 68
Coolant leakage or radiator blockage; 2029-05-15; 2029-05-20; 101
Starting problems related to the starter; 2029-06-10; 2029-06-15; 45
Lack of power or insufficient voltage; 2029-07-22; 2029-07-27; 87
Faulty sensors, such as oxygen sensors or oil pressure sensors; 2029-08-18; 2029-08-23; 132
Issues with spark plugs, ignition coils, or sensors; 2029-09-12; 2029-09-17; 59
Problems with electronics and software; 2029-10-05; 2029-10-10; 93
Clogged filters, fuel pump malfunctions, issues with injectors; 2029-11-08; 2029-11-13; 126
Low coolant levels, problems with the cooling pump; 2029-12-22; 2029-12-27; 71
Wear or breakage in the steering system; 2030-01-15; 2030-01-20; 104
Refrigerant leakage, compressor issues; 2030-02-10; 2030-02-15; 138
Coolant leakage or radiator blockage; 2030-03-05; 2030-03-10; 82
Faulty sensors, such as oxygen sensors or oil pressure sensors; 2030-04-18; 2030-04-23; 57
Issues with spark plugs, ignition coils, or sensors; 2030-05-20; 2030-05-25; 109
Starting problems related to the starter; 2030-06-15; 2030-06-20; 74
Lack of power or insufficient voltage; 2030-07-10; 2030-07-15; 123
Problems with electronics and software; 2030-08-22; 2030-08-27; 86
Clogged filters, fuel pump malfunctions, issues with injectors; 2030-09-18; 2030-09-23; 38
Wear or breakage in the steering system; 2030-11-05; 2030-11-10; 92
Rust, cracks, or leaks; 2030-12-20; 2030-12-25; 47
Issues with automatic or manual transmission; 2031-01-15; 2031-01-20; 124
Problems with absence or contamination; 2031-02-12; 2031-02-17; 79
Weakness or wear; 2031-03-08; 2031-03-13; 111
Rust, cracks, or leaks; 2031-04-20; 2031-04-25; 68
Coolant leakage or radiator blockage; 2031-05-15; 2031-05-20; 101
Starting problems related to the starter; 2031-06-10; 2031-06-15; 45
Lack of power or insufficient voltage; 2031-07-22; 2031-07-27; 87
Faulty sensors, such as oxygen sensors or oil pressure sensors; 2031-08-18; 2031-08-23; 132
Issues with spark plugs, ignition coils, or sensors; 2031-09-12; 2031-09-17; 59
Problems with electronics and software; 2031-10-05; 2031-10-10; 93
Lack of power or insufficient voltage;2023-12-12;2023-12-16;123
Worn-out brake pads, discs, or issues with brake fluid;2023-12-14;2023-12-17;78
Starting problems related to the starter;2023-12-15;2023-12-19;5
Inadequate battery charging due to alternator malfunction;2023-12-16;2023-12-20;68
Clogged filters, fuel pump malfunctions, issues with injectors;2023-12-17;2023-12-21;121
Malfunction causing engine overheating;2023-12-18;2023-12-22;62
Issues with spark plugs, ignition coils, or sensors;2023-12-19;2023-12-23;100
Coolant leakage or radiator blockage;2023-12-20;2023-12-24;43
Low coolant levels, problems with the cooling pump;2023-12-21;2023-12-25;122
Faulty sensors, such as oxygen sensors or oil pressure sensors;2023-12-22;2023-12-26;71
Rust, cracks, or leaks;2023-12-23;2023-12-27;20
Problems with electronics and software;2023-12-24;2023-12-28;12
Issues with automatic or manual transmission;2023-12-25;2023-12-29;10
Weakness or wear in tires;2023-12-26;2023-12-30;10
Weakness or wear in suspension components;2023-12-27;2023-12-31;69
Problems with electronic diagnostics;2023-12-28;2024-01-02;69
Wear or breakage in the steering system;2023-12-29;2024-01-03;35
Problems with windshield wiper fluid absence or contamination;2023-12-30;2024-01-04;42
Refrigerant leakage, compressor issues;2023-12-31;2024-01-05;13
Problems with brake fluid absence or contamination;2024-01-01;2024-01-07;9